,ParaCon,DynVar,SitAda,Overall
gpt,46.37760702524698,52.91666666666667,57.67857142857143,156.9728451204851
doubao,28.04610318331504,22.5,46.07142857142858,96.61753175474362
qwen-omni,12.513721185510429,7.916666666666667,20.17857142857143,40.60895928074852
qwen-omni-realtime,6.750823271130626,5.0,48.57142857142858,60.322251842559204
gemini,877.4885082860849,81.57625786163521,232.37244897959184,1200.2499511511176
