,ParaCon,DynVar,SitAda,Overall
gpt,35.56531284302964,63.333333333333336,40.17857142857143,139.0772176049344
gemini,29.6377607025247,29.166666666666668,23.03571428571429,81.84014165490566
qwen-omni,14.160263446761801,35.0,44.642857142857146,93.80312058961894
qwen-omni-realtime,4.720087815587267,5.833333333333334,49.28571428571429,59.8391354346349
doubao,882.8603204810369,74.09375,238.20982142857144,1208.4261312832675
